"id","light","temp","date_birth","date_death","May_09_2013","May_10_2013","May_11_2013","May_12_2013","May_13_2013","May_14_2013","May_15_2013","May_16_2013","May_17_2013","May_18_2013","May_19_2013","May_20_2013","May_21_2013","May_22_2013","May_23_2013","May_24_2013","May_25_2013","May_26_2013","May_27_2013","May_28_2013","May_29_2013","May_30_2013","May_31_2013","Jun_01_2013","Jun_02_2013","Jun_03_2013","Jun_04_2013","Jun_05_2013","Jun_06_2013","Jun_07_2013","Jun_08_2013","Jun_09_2013","Jun_10_2013","Jun_11_2013","Jun_12_2013","Jun_13_2013","Jun_14_2013","Jun_15_2013","Jun_16_2013","Jun_17_2013","Jun_18_2013","Jun_19_2013","Jun_20_2013","Jun_21_2013","Jun_22_2013","Jun_23_2013"
"AF001","dim","cold","May_11_2013","Jun_12_2013",0,0,0,0,1,0,1,1,"0","1","0","1","0","0","1","0","0","0","2","0","1","0","0","1","0","0","0","1","0","0","0","0","0","0","0","0","0","0","0","0","0","0","0","0","0","0"
"AF003","bright","cold","May_10_2013","Jun_11_2013",0,0,0,0,1,1,0,1,"0","1","1","0","0","1","0","1","0","1","0","1","0","0","1","1","0","0","0","1","1","0","0","0","0","0","0","0","0","0","0","0","0","0","0","0","0","0"
"AF004","bright","cold","May_11_2013","Jun_10_2013",0,0,0,0,1,0,1,1,"0","1","1","0","0","1","0","1","1","0","1","1","0","0","0","0","1","1","0","0","0","0","0","0","0","0","0","0","0","0","0","0","0","0","0","0","0","0"
"AF005","bright","cold","May_10_2013","Jun_07_2013",0,0,0,0,1,1,0,1,"0","1","1","1","0","0","1","0","1","1","1","0","0","0","1","1","0","0","0","0","0","0","0","0","0","0","0","0","0","0","0","0","0","0","0","0","0","0"
"AF006","dim","cold","May_11_2013","Jun_16_2013",0,0,0,1,0,0,1,1,"0","0","1","1","0","0","0","0","1","0","0","1","0","2","0","1","0","0","0","0","0","0","0","2","0","0","0","0","0","0","0","0","0","0","0","0","0","0"
"AF007","bright","cold","May_10_2013","Jun_11_2013",0,0,0,0,0,1,1,0,"1","1","1","0","0","1","0","0","2","0","0","1","0","1","0","2","0","0","0","0","0","1","0","0","0","0","0","0","0","0","0","0","0","0","0","0","0","0"
"AF008","bright","cold","May_12_2013","Jun_12_2013",0,0,0,0,1,1,0,1,"0","1","1","0","0","0","1","1","0","0","1","1","0","1","0","2","0","0","0","0","1","0","0","0","0","1","0","0","0","0","0","0","0","0","0","0","0","0"
"AF009","dim","cold","May_10_2013","Jun_11_2013",0,0,0,0,1,0,1,0,"2","0","1","0","0","1","0","0","1","0","0","1","1","1","0","0","1","0","0","0","0","0","0","0","0","0","0","0","0","0","0","0","0","0","0","0","0","0"
"AF010","dim","cold","May_11_2013","Jun_16_2013",0,0,0,1,0,0,1,0,"0","1","1","1","0","0","1","0","1","0","0","1","0","1","0","1","1","0","0","0","1","0","0","0","0","0","0","0","0","0","0","0","0","0","0","0","0","0"
"AF011","dim","cold","May_10_2013","Jun_11_2013",0,0,0,0,0,1,0,1,"0","1","1","0","1","0","0","1","0","0","0","2","0","1","0","0","0","1","1","0","0","0","0","0","0","0","0","0","0","0","0","0","0","0","0","0","0","0"
"AF012","bright","cold","May_11_2013",NA,0,0,0,0,0,1,1,1,"0","0","1","1","0","0","1","0","1","1","0","0","0","1","1","0","2","0","0","0","CONTAM","CONTAM","CONTAM","CONTAM","CONTAM","CONTAM","CONTAM","CONTAM","CONTAM","CONTAM","CONTAM","CONTAM","CONTAM","CONTAM","CONTAM","CONTAM","CONTAM","CONTAM"
"AF013","dim","cold","May_10_2013","Jun_11_2013",0,0,1,0,1,0,0,1,"1","0","1","1","0","0","1","0","1","0","0","1","0","0","1","1","1","0","0","0","0","0","0","0","0","0","0","0","0","0","0","0","0","0","0","0","0","0"
"AF014","bright","cold","May_10_2013","Jun_14_2013",0,0,0,1,1,0,1,1,"0","1","1","0","0","1","0","1","0","1","0","1","0","0","0","2","0","0","1","0","0","0","0","0","0","0","0","1","0","0","0","0","0","0","0","0","0","0"
"AF015","dim","cold","May_10_2013","Jun_06_2013",0,0,0,1,1,0,1,1,"0","0","1","0","1","0","0","1","1","0","2","0","0","0","0","0","0","0","0","0","0","0","0","0","0","0","0","0","0","0","0","0","0","0","0","0","0","0"
"AF017","dim","cold","May_11_2013",NA,0,0,0,0,1,1,0,0,"2","0","1","0","0","0","1","0","1","0","1","0","0","0","2","0","0","1","CONTAM","CONTAM","CONTAM","CONTAM","CONTAM","CONTAM","CONTAM","CONTAM","CONTAM","CONTAM","CONTAM","CONTAM","CONTAM","CONTAM","CONTAM","CONTAM","CONTAM","CONTAM","CONTAM","CONTAM"
"AF020","bright","cold","May_11_2013","Jun_14_2013",0,0,0,0,1,1,0,0,"1","1","1","0","1","0","0","1","0","1","0","2","0","0","0","1","0","0","1","0","1","0","1","0","0","0","0","1","0","0","0","0","0","0","0","0","0","0"
"AF021","dim","cold","May_10_2013","Jun_11_2013",0,0,0,0,2,0,0,0,"1","0","1","1","0","1","0","1","0","0","0","2","0","0","0","1","0","0","1","0","0","0","0","0","0","0","0","0","0","0","0","0","0","0","0","0","0","0"
"AF022","bright","cold","May_12_2013","Jun_10_2013",0,0,0,0,0,1,1,0,"1","0","1","1","0","0","1","1","0","1","1","0","0","1","1","0","1","0","0","0","0","0","0","0","0","0","0","0","0","0","0","0","0","0","0","0","0","0"
"AF023","bright","cold","May_11_2013","Jun_07_2013",0,0,0,0,0,1,1,0,"1","0","1","1","0","0","1","0","1","1","0","0","0","0","2","0","0","0","1","1","0","0","0","0","0","0","0","0","0","0","0","0","0","0","0","0","0","0"
"AF024","bright","cold","May_10_2013","Jun_11_2013",0,0,0,0,1,1,0,1,"0","1","1","0","1","0","0","1","1","0","0","1","0","1","0","1","1","0","0","0","0","1","0","0","0","0","0","0","0","0","0","0","0","0","0","0","0","0"
"AF025","bright","hot","May_11_2013","Jun_07_2013",0,0,0,0,1,1,1,1,"0","1","0","1","0","1","1","0","1","0","0","0","0","0","1","0","0","0","0","0","0","0","0","0","0","0","0","0","0","0","0","0","0","0","0","0","0","0"
"AF026","dim","hot","May_10_2013","Jun_07_2013",0,0,0,1,1,0,0,1,"1","1","0","1","0","1","0","1","0","1","0","1","0","0","2","0","0","0","0","0","0","0","0","0","0","0","0","0","0","0","0","0","0","0","0","0","0","0"
"AF028","dim","hot","May_12_2013","Jun_05_2013",0,0,0,0,0,1,1,1,"1","0","0","1","1","0","1","1","1","0","1","0","1","0","0","0","0","0","0","0","0","0","0","0","0","0","0","0","0","0","0","0","0","0","0","0","0","0"
"AF029","bright","hot","May_11_2013","Jun_14_2013",0,0,0,0,1,1,1,0,"1","1","0","1","1","0","1","1","0","0","0","2","0","0","1","1","0","0","0","0","1","1","0","0","0","0","0","0","0","0","0","0","0","0","0","0","0","0"
"AF030","dim","hot","May_11_2013","Jun_05_2013",0,0,0,1,1,1,0,0,"1","0","1","0","1","0","0","1","1","1","0","1","1","0","0","0","0","0","0","0","0","0","0","0","0","0","0","0","0","0","0","0","0","0","0","0","0","0"
"AF032","dim","hot","May_10_2013","Jun_03_2013",0,0,0,1,0,1,1,1,"1","0","0","0","2","1","1","1","0","0","0","0","0","0","0","0","0","0","0","0","0","0","0","0","0","0","0","0","0","0","0","0","0","0","0","0","0","0"
"AF033","bright","hot","May_11_2013","Jun_11_2013",0,0,0,0,1,1,1,0,"1","0","1","0","1","0","2","1","0","0","0","1","0","0","0","1","0","0","0","1","0","0","0","0","0","0","0","0","0","0","0","0","0","0","0","0","0","0"
"AF034","dim","hot","May_11_2013","Jun_11_2013",0,0,0,0,1,1,1,1,"0","1","0","1","0","1","0","1","0","1","1","0","0","0","0","0","0","0","0","1","0","0","0","0","0","0","0","0","0","0","0","0","0","0","0","0","0","0"
"AF035","bright","hot","May_10_2013","Jun_05_2013",0,0,0,1,1,0,1,1,"1","0","1","0","1","0","1","1","0","1","0","0","1","0","0","0","0","0","0","0","0","0","0","0","0","0","0","0","0","0","0","0","0","0","0","0","0","0"
"AF036","dim","hot","May_11_2013","Jun_10_2013",0,0,0,1,1,0,1,1,"0","0","2","0","0","1","1","0","1","0","0","1","0","1","0","1","0","0","0","0","0","0","0","0","0","0","0","0","0","0","0","0","0","0","0","0","0","0"
"AF037","dim","hot","May_10_2013","Jun_11_2013",0,0,0,1,0,1,0,2,"0","0","1","1","0","0","1","0","1","1","0","0","0","1","0","2","0","0","1","0","0","0","0","0","0","0","0","0","0","0","0","0","0","0","0","0","0","0"
"AF038","dim","hot","May_11_2013",NA,0,0,0,1,1,1,1,0,"1","0","1","0","1","CONTAM","CONTAM","CONTAM","CONTAM","CONTAM","CONTAM","CONTAM","CONTAM","CONTAM","CONTAM","CONTAM","CONTAM","CONTAM","CONTAM","CONTAM","CONTAM","CONTAM","CONTAM","CONTAM","CONTAM","CONTAM","CONTAM","CONTAM","CONTAM","CONTAM","CONTAM","CONTAM","CONTAM","CONTAM","CONTAM","CONTAM","CONTAM","CONTAM"
"AF039","bright","hot","May_11_2013",NA,0,0,0,0,2,1,0,1,"0","1","0","CONTAM","CONTAM","CONTAM","CONTAM","CONTAM","CONTAM","CONTAM","CONTAM","CONTAM","CONTAM","CONTAM","CONTAM","CONTAM","CONTAM","CONTAM","CONTAM","CONTAM","CONTAM","CONTAM","CONTAM","CONTAM","CONTAM","CONTAM","CONTAM","CONTAM","CONTAM","CONTAM","CONTAM","CONTAM","CONTAM","CONTAM","CONTAM","CONTAM","CONTAM","CONTAM"
"AF041","dim","hot","May_12_2013","Jun_10_2013",0,0,0,0,0,1,2,0,"1","0","0","1","0","0","1","2","0","0","1","1","0","0","0","1","0","0","0","0","0","0","0","0","0","0","0","0","0","0","0","0","0","0","0","0","0","0"
"AF042","bright","hot","May_10_2013",NA,0,0,0,2,0,0,1,1,"1","1","1","CONTAM","CONTAM","CONTAM","CONTAM","CONTAM","CONTAM","CONTAM","CONTAM","CONTAM","CONTAM","CONTAM","CONTAM","CONTAM","CONTAM","CONTAM","CONTAM","CONTAM","CONTAM","CONTAM","CONTAM","CONTAM","CONTAM","CONTAM","CONTAM","CONTAM","CONTAM","CONTAM","CONTAM","CONTAM","CONTAM","CONTAM","CONTAM","CONTAM","CONTAM","CONTAM"
"AF043","dim","hot","May_12_2013",NA,0,0,0,0,0,1,2,1,"0","0","1","CONTAM","CONTAM","CONTAM","CONTAM","CONTAM","CONTAM","CONTAM","CONTAM","CONTAM","CONTAM","CONTAM","CONTAM","CONTAM","CONTAM","CONTAM","CONTAM","CONTAM","CONTAM","CONTAM","CONTAM","CONTAM","CONTAM","CONTAM","CONTAM","CONTAM","CONTAM","CONTAM","CONTAM","CONTAM","CONTAM","CONTAM","CONTAM","CONTAM","CONTAM","CONTAM"
"AF045","dim","hot","May_11_2013",NA,0,0,0,0,1,1,1,1,"0","1","0","1","0","CONTAM","CONTAM","CONTAM","CONTAM","CONTAM","CONTAM","CONTAM","CONTAM","CONTAM","CONTAM","CONTAM","CONTAM","CONTAM","CONTAM","CONTAM","CONTAM","CONTAM","CONTAM","CONTAM","CONTAM","CONTAM","CONTAM","CONTAM","CONTAM","CONTAM","CONTAM","CONTAM","CONTAM","CONTAM","CONTAM","CONTAM","CONTAM","CONTAM"
"AF046","bright","hot","May_12_2013",NA,0,0,0,0,1,1,1,1,"0","0","1","0","0","0","3","CONTAM","CONTAM","CONTAM","CONTAM","CONTAM","CONTAM","CONTAM","CONTAM","CONTAM","CONTAM","CONTAM","CONTAM","CONTAM","CONTAM","CONTAM","CONTAM","CONTAM","CONTAM","CONTAM","CONTAM","CONTAM","CONTAM","CONTAM","CONTAM","CONTAM","CONTAM","CONTAM","CONTAM","CONTAM","CONTAM","CONTAM"
"AF047","bright","hot","May_12_2013",NA,0,0,0,0,1,1,1,1,"0","0","2","0","0","0","2","0","0","0","2","0","0","1","CONTAM","CONTAM","CONTAM","CONTAM","CONTAM","CONTAM","CONTAM","CONTAM","CONTAM","CONTAM","CONTAM","CONTAM","CONTAM","CONTAM","CONTAM","CONTAM","CONTAM","CONTAM","CONTAM","CONTAM","CONTAM","CONTAM","CONTAM","CONTAM"
"AF048","bright","hot","May_12_2013","Jun_10_2013",0,0,0,0,1,0,2,1,"0","0","1","1","0","1","1","0","1","0","1","0","0","0","0","0","1","0","0","0","0","0","0","0","0","0","0","0","0","0","0","0","0","0","0","0","0","0"
"AF049","bright","cold","May_12_2013","Jun_14_2013",0,0,0,0,0,1,0,1,"1","0","1","1","1","0","0","1","1","0","0","1","0","1","0","1","1","0","0","1","0","0","0","1","0","0","0","0","0","0","0","0","0","0","0","0","0","0"
"AF050","dim","cold","May_11_2013","Jun_23_2013",0,0,0,0,0,0,1,1,"0","0","1","1","0","1","0","1","0","0","0","1","0","0","0","1","1","1","0","0","0","1","0","1","0","0","0","0","1","0","0","0","0","0","0","0","0","0"
"AF051","dim","cold","May_10_2013","Jun_07_2013",0,0,0,0,1,0,1,0,"1","1","0","1","0","0","0","1","1","0","0","1","1","1","0","0","0","0","0","0","0","0","0","0","0","0","0","0","0","0","0","0","0","0","0","0","0","0"
"AF052","dim","cold","May_10_2013","Jun_21_2013",0,0,0,0,1,0,1,0,"0","2","0","1","0","1","0","1","0","0","0","1","0","0","1","1","0","0","1","0","0","0","0","0","0","0","0","0","1","0","0","0","0","0","0","0","0","0"
"AF053","bright","cold","May_11_2013","Jun_11_2013",0,0,0,0,0,0,2,0,"1","0","1","1","0","1","0","0","1","1","0","0","1","0","1","0","2","0","0","0","0","0","1","1","0","0","0","0","0","0","0","0","0","0","0","0","0","0"
"AF054","dim","cold","May_12_2013","Jun_17_2013",0,0,0,0,0,1,0,1,"0","1","0","1","1","0","0","0","1","0","0","1","0","1","0","1","0","0","0","1","0","0","0","1","1","0","0","0","0","0","0","0","0","0","0","0","0","0"
"AF055","dim","cold","May_11_2013","Jun_21_2013",0,0,0,0,0,0,1,0,"1","0","1","0","1","0","1","0","1","0","0","0","2","0","0","0","2","0","0","0","0","0","0","0","1","0","0","0","0","1","0","0","0","0","0","0","0","0"
"AF057","bright","cold","May_11_2013",NA,0,0,0,0,1,0,1,0,"1","1","0","1","0","0","0","1","1","0","0","1","1","0","1","CONTAM","CONTAM","CONTAM","CONTAM","CONTAM","CONTAM","CONTAM","CONTAM","CONTAM","CONTAM","CONTAM","CONTAM","CONTAM","CONTAM","CONTAM","CONTAM","CONTAM","CONTAM","CONTAM","CONTAM","CONTAM","CONTAM","CONTAM"
"AF058","bright","cold","May_12_2013","Jun_06_2013",0,0,0,0,0,1,1,0,"0","1","1","0","1","0","0","0","1","0","0","0","2","1","0","0","0","0","0","0","0","0","0","0","0","0","0","0","0","0","0","0","0","0","0","0","0","0"
"AF060","dim","cold","May_12_2013",NA,0,0,0,0,0,1,0,1,"0","1","0","1","CONTAM","CONTAM","CONTAM","CONTAM","CONTAM","CONTAM","CONTAM","CONTAM","CONTAM","CONTAM","CONTAM","CONTAM","CONTAM","CONTAM","CONTAM","CONTAM","CONTAM","CONTAM","CONTAM","CONTAM","CONTAM","CONTAM","CONTAM","CONTAM","CONTAM","CONTAM","CONTAM","CONTAM","CONTAM","CONTAM","CONTAM","CONTAM","CONTAM","CONTAM"
"AF061","bright","cold","May_13_2013",NA,0,0,0,0,0,0,0,1,"0","1","0","1","CONTAM","CONTAM","CONTAM","CONTAM","CONTAM","CONTAM","CONTAM","CONTAM","CONTAM","CONTAM","CONTAM","CONTAM","CONTAM","CONTAM","CONTAM","CONTAM","CONTAM","CONTAM","CONTAM","CONTAM","CONTAM","CONTAM","CONTAM","CONTAM","CONTAM","CONTAM","CONTAM","CONTAM","CONTAM","CONTAM","CONTAM","CONTAM","CONTAM","CONTAM"
"AF062","bright","cold","May_12_2013","Jun_11_2013",0,0,0,0,0,0,2,0,"1","0","1","1","0","0","1","0","1","1","0","0","0","1","0","0","0","1","1","0","0","0","0","0","0","0","0","0","0","0","0","0","0","0","0","0","0","0"
"AF063","bright","cold","May_10_2013","Jun_11_2013",0,0,0,0,1,1,0,1,"1","0","1","0","1","0","0","1","1","0","0","1","0","0","1","1","1","0","0","0","1","1","0","0","0","0","0","0","0","0","0","0","0","0","0","0","0","0"
"AF064","dim","cold","May_10_2013","Jun_19_2013",0,0,1,0,0,1,0,1,"1","0","1","0","1","0","0","1","0","1","0","1","0","0","0","1","1","0","1","0","0","1","0","1","0","0","0","2","0","0","1","0","0","0","0","0","0","0"
"AF065","bright","cold","May_11_2013",NA,0,0,0,0,1,0,1,0,"1","1","0","1","0","2","0","0","1","0","0","1","0","0","2","0","1","0","0","0","0","1","1","0","CONTAM","CONTAM","CONTAM","CONTAM","CONTAM","CONTAM","CONTAM","CONTAM","CONTAM","CONTAM","CONTAM","CONTAM","CONTAM","CONTAM"
"AF066","bright","cold","May_12_2013","Jun_10_2013",0,0,0,0,0,1,1,0,"1","0","1","1","0","0","1","1","0","0","1","0","1","1","0","0","0","1","0","0","0","0","0","0","0","0","0","0","0","0","0","0","0","0","0","0","0","0"
"AF067","bright","cold","May_10_2013",NA,0,0,0,0,0,1,1,0,"0","1","1","1","0","1","0","1","1","0","1","0","1","0","0","0","1","0","0","0","0","1","0","0","CONTAM","CONTAM","CONTAM","CONTAM","CONTAM","CONTAM","CONTAM","CONTAM","CONTAM","CONTAM","CONTAM","CONTAM","CONTAM","CONTAM"
"AF068","bright","cold","May_12_2013","Jun_05_2013",0,0,0,0,1,0,1,1,"0","0","1","1","1","0","0","1","1","0","1","0","1","0","0","0","0","1","0","0","0","0","0","0","0","0","0","0","0","0","0","0","0","0","0","0","0","0"
"AF069","dim","cold","May_11_2013","Jun_14_2013",0,0,0,2,0,1,0,0,"1","0","1","0","1","0","0","1","0","1","1","0","0","0","1","0","0","0","0","1","0","1","0","0","0","0","0","0","0","0","0","0","0","0","0","0","0","0"
"AF070","dim","cold","May_11_2013","Jun_11_2013",0,0,0,1,0,1,0,1,"0","1","0","1","0","1","0","1","0","1","0","0","1","0","0","1","0","1","0","0","0","0","0","0","0","0","0","0","0","0","0","0","0","0","0","0","0","0"
"AF071","dim","cold","May_11_2013","Jun_06_2013",0,0,0,1,0,0,1,0,"1","0","0","0","1","1","0","1","1","1","0","0","1","0","0","0","0","0","0","0","0","0","0","0","0","0","0","0","0","0","0","0","0","0","0","0","0","0"
"AF072","dim","cold","May_10_2013","Jun_10_2013",0,0,1,0,0,1,0,0,"1","1","0","1","0","1","1","0","0","1","0","0","1","1","0","1","0","0","0","0","0","0","0","0","0","0","0","0","0","0","0","0","0","0","0","0","0","0"
"AF073","bright","hot","May_11_2013","Jun_05_2013",0,0,0,0,2,1,0,1,"0","1","1","0","1","0","1","1","1","0","0","0","1","0","0","0","0","0","0","0","0","0","0","0","0","0","0","0","0","0","0","0","0","0","0","0","0","0"
"AF074","bright","hot","May_11_2013","Jun_10_2013",0,0,0,0,2,1,1,0,"1","0","1","0","1","1","0","0","2","0","0","1","0","0","0","0","1","0","0","0","0","0","0","0","0","0","0","0","0","0","0","0","0","0","0","0","0","0"
"AF075","dim","hot","May_11_2013","Jun_10_2013",0,0,0,0,2,1,1,0,"0","1","1","0","0","1","1","0","2","0","0","0","0","1","0","0","1","0","0","0","0","0","0","0","0","0","0","0","0","0","0","0","0","0","0","0","0","0"
"AF076","bright","hot","May_12_2013","Jun_03_2013",0,0,0,0,1,1,1,0,"0","1","0","1","1","1","0","1","0","1","0","0","0","0","0","0","0","0","0","0","0","0","0","0","0","0","0","0","0","0","0","0","0","0","0","0","0","0"
"AF077","bright","hot","May_10_2013","Jun_04_2013",0,0,0,2,1,1,0,1,"0","1","0","1","1","0","1","1","0","0","0","1","0","0","0","0","0","0","0","0","0","0","0","0","0","0","0","0","0","0","0","0","0","0","0","0","0","0"
"AF078","dim","hot","May_11_2013","Jun_14_2013",0,0,0,0,2,1,0,1,"0","1","1","0","0","1","0","1","1","0","1","0","0","1","1","0","0","0","0","0","0","1","0","0","0","0","0","0","0","0","0","0","0","0","0","0","0","0"
"AF080","bright","hot","May_12_2013","Jun_10_2013",0,0,0,0,0,1,2,1,"0","1","0","1","0","1","1","0","1","0","1","0","0","0","0","0","1","0","0","0","0","0","0","0","0","0","0","0","0","0","0","0","0","0","0","0","0","0"
"AF081","bright","hot","May_12_2013","Jun_07_2013",0,0,0,0,0,1,1,1,"1","0","1","0","1","0","1","0","1","1","0","1","0","0","1","0","0","0","0","0","0","0","0","0","0","0","0","0","0","0","0","0","0","0","0","0","0","0"
"AF082","bright","hot","May_11_2013","Jun_07_2013",0,0,0,1,2,1,0,0,"1","1","1","0","1","0","0","1","1","0","1","0","0","0","1","0","0","0","0","0","0","0","0","0","0","0","0","0","0","0","0","0","0","0","0","0","0","0"
"AF083","dim","hot","May_12_2013","Jun_04_2013",0,0,0,0,1,1,1,0,"1","0","1","0","1","0","1","0","1","1","0","1","0","0","0","0","0","0","0","0","0","0","0","0","0","0","0","0","0","0","0","0","0","0","0","0","0","0"
"AF084","bright","hot","May_12_2013",NA,0,0,0,0,0,2,1,0,"1","1","0","1","0","1","0","1","1","0","1","0","CONTAM","CONTAM","CONTAM","CONTAM","CONTAM","CONTAM","CONTAM","CONTAM","CONTAM","CONTAM","CONTAM","CONTAM","CONTAM","CONTAM","CONTAM","CONTAM","CONTAM","CONTAM","CONTAM","CONTAM","CONTAM","CONTAM","CONTAM","CONTAM","CONTAM","CONTAM"
"AF085","bright","hot","May_12_2013","Jun_03_2013",0,0,0,0,0,2,0,1,"1","0","1","0","1","1","1","0","1","1","0","0","0","0","0","0","0","0","0","0","0","0","0","0","0","0","0","0","0","0","0","0","0","0","0","0","0","0"
"AF086","dim","hot","May_11_2013","Jun_04_2013",0,0,0,0,2,0,1,0,"1","1","0","1","0","1","0","1","1","1","0","0","0","0","0","0","0","0","0","0","0","0","0","0","0","0","0","0","0","0","0","0","0","0","0","0","0","0"
"AF087","dim","hot","May_11_2013","Jun_07_2013",0,0,0,1,1,1,0,1,"0","1","0","0","0","2","0","1","1","1","0","0","0","0","1","0","0","0","0","0","0","0","0","0","0","0","0","0","0","0","0","0","0","0","0","0","0","0"
"AF088","bright","hot","May_11_2013","Jun_07_2013",0,0,0,0,2,1,0,1,"0","1","1","0","1","0","1","0","1","1","0","0","1","0","0","1","0","0","0","0","0","0","0","0","0","0","0","0","0","0","0","0","0","0","0","0","0","0"
"AF089","bright","hot","May_10_2013","Jun_06_2013",0,0,0,1,2,1,0,0,"1","1","0","0","1","1","0","0","2","0","0","0","1","1","0","0","0","0","0","0","0","0","0","0","0","0","0","0","0","0","0","0","0","0","0","0","0","0"
"AF090","dim","hot","May_11_2013","Jun_11_2013",0,0,0,0,1,2,0,0,"0","2","0","0","0","2","0","1","1","0","0","1","0","1","0","1","0","0","0","0","0","0","0","0","0","0","0","0","0","0","0","0","0","0","0","0","0","0"
"AF091","dim","hot","May_10_2013","Jun_04_2013",0,0,0,1,0,1,0,1,"1","1","0","1","0","0","1","0","1","1","0","1","0","0","0","0","0","0","0","0","0","0","0","0","0","0","0","0","0","0","0","0","0","0","0","0","0","0"
"AF092","bright","hot","May_12_2013","Jun_07_2013",0,0,0,0,0,2,1,0,"1","0","1","0","1","1","0","0","1","1","1","0","0","0","2","0","0","0","0","0","0","0","0","0","0","0","0","0","0","0","0","0","0","0","0","0","0","0"
"AF093","dim","hot","May_11_2013","Jun_06_2013",0,0,0,0,2,1,0,0,"0","1","1","0","1","0","1","1","0","1","0","1","0","0","0","0","0","0","0","0","0","0","0","0","0","0","0","0","0","0","0","0","0","0","0","0","0","0"
"AF094","dim","hot","May_12_2013","Jun_10_2013",0,0,0,0,1,1,0,1,"0","1","1","0","1","0","1","0","1","1","0","1","0","0","1","0","0","0","0","0","0","0","0","0","0","0","0","0","0","0","0","0","0","0","0","0","0","0"
"AF095","dim","hot","May_12_2013",NA,0,0,0,0,0,1,2,0,"0","1","1","0","0","0","2","0","1","1","0","0","1","0","CONTAM","CONTAM","CONTAM","CONTAM","CONTAM","CONTAM","CONTAM","CONTAM","CONTAM","CONTAM","CONTAM","CONTAM","CONTAM","CONTAM","CONTAM","CONTAM","CONTAM","CONTAM","CONTAM","CONTAM","CONTAM","CONTAM","CONTAM","CONTAM"
"AF096","dim","hot","May_11_2013","Jun_10_2013",0,0,0,0,1,1,1,0,"1","0","1","1","0","1","0","0","2","0","0","1","0","0","0","1","0","0","0","0","0","0","0","0","0","0","0","0","0","0","0","0","0","0","0","0","0","0"
"AF097","bright","hot","May_11_2013","Jun_03_2013",0,0,0,0,2,1,1,0,"0","1","1","0","1","0","1","1","1","0","0","0","0","0","0","0","0","0","0","0","0","0","0","0","0","0","0","0","0","0","0","0","0","0","0","0","0","0"
"AF098","bright","hot","May_12_2013","Jun_10_2013",0,0,0,0,0,2,1,0,"0","0","1","1","0","2","0","0","1","1","1","0","0","0","1","0","0","1","0","0","0","0","0","0","0","0","0","0","0","0","0","0","0","0","0","0","0","0"
"AF099","bright","hot","May_10_2013","Jun_06_2013",0,0,0,2,0,1,0,1,"1","0","1","0","1","1","0","0","1","1","0","0","0","1","0","0","0","0","0","0","0","0","0","0","0","0","0","0","0","0","0","0","0","0","0","0","0","0"
"AF100","bright","hot","May_10_2013","Jun_05_2013",0,0,0,2,1,1,0,1,"0","1","1","0","1","0","1","0","1","0","0","0","1","0","0","0","0","0","0","0","0","0","0","0","0","0","0","0","0","0","0","0","0","0","0","0","0","0"
"AF101","dim","hot","May_10_2013",NA,0,0,0,0,1,1,1,1,"0","1","CONTAM","CONTAM","CONTAM","CONTAM","CONTAM","CONTAM","CONTAM","CONTAM","CONTAM","CONTAM","CONTAM","CONTAM","CONTAM","CONTAM","CONTAM","CONTAM","CONTAM","CONTAM","CONTAM","CONTAM","CONTAM","CONTAM","CONTAM","CONTAM","CONTAM","CONTAM","CONTAM","CONTAM","CONTAM","CONTAM","CONTAM","CONTAM","CONTAM","CONTAM","CONTAM","CONTAM"
"AF102","dim","hot","May_10_2013",NA,0,0,0,2,0,1,1,0,"1","0","CONTAM","CONTAM","CONTAM","CONTAM","CONTAM","CONTAM","CONTAM","CONTAM","CONTAM","CONTAM","CONTAM","CONTAM","CONTAM","CONTAM","CONTAM","CONTAM","CONTAM","CONTAM","CONTAM","CONTAM","CONTAM","CONTAM","CONTAM","CONTAM","CONTAM","CONTAM","CONTAM","CONTAM","CONTAM","CONTAM","CONTAM","CONTAM","CONTAM","CONTAM","CONTAM","CONTAM"
"AF104","bright","hot","May_11_2013","Jun_05_2013",0,0,0,0,1,2,1,0,"0","1","1","1","0","1","0","0","1","1","0","0","1","0","0","0","0","0","0","0","0","0","0","0","0","0","0","0","0","0","0","0","0","0","0","0","0","0"
"AF105","bright","hot","May_12_2013","Jun_03_2013",0,0,0,0,0,2,1,0,"0","1","1","0","2","0","1","0","1","0","1","0","0","0","0","0","0","0","0","0","0","0","0","0","0","0","0","0","0","0","0","0","0","0","0","0","0","0"
"AF106","dim","hot","May_10_2013","Jun_10_2013",0,0,1,0,1,2,0,0,"1","1","0","0","1","1","0","1","0","0","1","0","0","2","0","0","1","0","0","0","0","0","0","0","0","0","0","0","0","0","0","0","0","0","0","0","0","0"
"AF107","bright","hot","May_11_2013","Jun_06_2013",0,0,0,0,1,2,0,1,"0","1","1","1","0","1","0","0","1","1","0","0","0","1","0","0","0","0","0","0","0","0","0","0","0","0","0","0","0","0","0","0","0","0","0","0","0","0"
"AF108","dim","hot","May_11_2013","Jun_05_2013",0,0,0,0,1,1,2,0,"0","1","1","0","0","0","2","0","0","2","0","0","0","0","0","0","0","0","0","0","0","0","0","0","0","0","0","0","0","0","0","0","0","0","0","0","0","0"
"AF109","bright","hot","May_12_2013","Jun_10_2013",0,0,0,0,0,1,1,1,"0","1","1","0","1","1","0","1","0","1","1","0","0","0","1","0","1","0","0","0","0","0","0","0","0","0","0","0","0","0","0","0","0","0","0","0","0","0"
"AF110","bright","hot","May_10_2013","Jun_06_2013",0,0,1,1,1,1,0,1,"0","1","1","0","0","1","1","0","1","0","0","0","0","1","0","0","0","0","0","0","0","0","0","0","0","0","0","0","0","0","0","0","0","0","0","0","0","0"
"AF111","dim","hot","May_11_2013","Jun_10_2013",0,0,0,0,1,0,2,1,"0","0","1","0","1","0","1","1","0","0","1","1","0","1","0","1","0","0","0","0","0","0","0","0","0","0","0","0","0","0","0","0","0","0","0","0","0","0"
"AF112","bright","hot","May_10_2013","Jun_03_2013",0,0,0,1,1,2,0,1,"0","1","0","1","0","1","1","0","1","0","0","0","0","0","0","0","0","0","0","0","0","0","0","0","0","0","0","0","0","0","0","0","0","0","0","0","0","0"
"AF114","bright","hot","May_10_2013","Jun_08_2013",0,0,0,2,0,1,1,0,"0","1","1","1","0","0","1","1","1","0","0","0","1","0","0","1","0","0","0","0","0","0","0","0","0","0","0","0","0","0","0","0","0","0","0","0","0","0"
"AF116","dim","hot","May_11_2013","Jun_11_2013",0,0,0,1,0,1,2,0,"1","0","1","0","0","1","1","0","1","1","0","0","0","2","0","0","0","0","1","0","0","0","0","0","0","0","0","0","0","0","0","0","0","0","0","0","0","0"
"AF117","bright","hot","May_10_2013","Jun_06_2013",0,0,0,2,1,1,0,1,"0","1","1","0","1","0","1","0","1","0","0","0","0","1","0","0","0","0","0","0","0","0","0","0","0","0","0","0","0","0","0","0","0","0","0","0","0","0"
"AF119","dim","hot","May_11_2013","Jun_13_2013",0,0,0,0,0,1,2,0,"0","0","1","1","1","0","1","0","1","0","0","1","1","0","1","0","0","1","0","0","0","0","1","0","0","0","0","0","0","0","0","0","0","0","0","0","0","0"
"AF120","dim","hot","May_11_2013","Jun_03_2013",0,0,1,0,1,2,1,0,"0","1","1","0","0","1","0","1","1","0","0","0","0","0","0","0","0","0","0","0","0","0","0","0","0","0","0","0","0","0","0","0","0","0","0","0","0","0"
"AF121","dim","cold","May_10_2013","Jun_13_2013",0,0,0,0,1,1,0,0,"1","1","0","0","1","0","0","1","1","0","1","0","1","1","0","0","0","1","0","0","0","0","0","0","0","0","0","0","0","0","0","0","0","0","0","0","0","0"
"AF122","dim","cold","May_10_2013","Jun_13_2013",0,0,0,0,1,1,0,1,"0","1","0","1","1","0","0","1","0","1","0","0","1","1","0","0","1","0","0","0","1","0","0","0","0","0","0","0","0","0","0","0","0","0","0","0","0","0"
"AF123","bright","cold","May_13_2013",NA,0,0,0,0,1,0,1,0,"0","1","1","0","1","0","0","1","0","0","0","1","1","1","0","0","0","0","1","0","0","0","0","0","1","1","0","0","0","CONTAM","CONTAM","CONTAM","CONTAM","CONTAM","CONTAM","CONTAM","CONTAM","CONTAM"
"AF124","dim","cold","May_12_2013","Jun_14_2013",0,0,0,0,0,1,1,0,"1","0","1","0","1","0","0","1","0","1","0","0","1","0","0","0","2","0","0","2","0","0","0","1","0","0","0","0","0","0","0","0","0","0","0","0","0","0"
"AF125","dim","cold","May_10_2013","Jun_19_2013",0,0,1,0,0,1,0,1,"1","0","1","0","1","0","1","0","1","0","0","1","0","0","0","1","0","0","2","0","0","0","0","1","0","0","0","0","0","0","0","1","0","0","0","0","0","0"
"AF126","dim","cold","May_12_2013","Jun_18_2013",0,0,0,0,0,0,0,2,"0","0","1","1","0","0","1","0","1","0","0","0","1","0","1","0","1","1","0","0","0","1","0","0","0","0","0","1","0","0","0","0","0","0","0","0","0","0"
"AF127","bright","cold","May_12_2013",NA,0,0,0,0,0,1,0,1,"1","0","1","1","0","1","0","1","0","1","0","0","0","1","1","0","0","0","1","1","0","0","CONTAM","CONTAM","CONTAM","CONTAM","CONTAM","CONTAM","CONTAM","CONTAM","CONTAM","CONTAM","CONTAM","CONTAM","CONTAM","CONTAM","CONTAM","CONTAM"
"AF128","bright","cold","May_10_2013","Jun_13_2013",0,0,0,0,1,1,0,1,"0","1","1","0","1","0","1","0","1","0","0","1","1","0","1","0","1","0","0","0","1","0","0","0","0","0","0","0","0","0","0","0","0","0","0","0","0","0"
"AF129","bright","cold","May_11_2013","Jun_06_2013",0,0,0,0,0,1,1,0,"1","0","0","1","1","0","2","0","1","0","1","0","0","1","0","0","0","0","0","0","0","0","0","0","0","0","0","0","0","0","0","0","0","0","0","0","0","0"
"AF130","bright","cold","May_10_2013",NA,0,0,0,0,1,1,0,0,"1","1","1","1","0","0","1","0","1","0","1","0","0","1","0","0","1","0","0","0","1","1","0","CONTAM","CONTAM","CONTAM","CONTAM","CONTAM","CONTAM","CONTAM","CONTAM","CONTAM","CONTAM","CONTAM","CONTAM","CONTAM","CONTAM","CONTAM"
"AF131","bright","cold","May_12_2013",NA,0,0,0,0,0,1,0,1,"1","0","1","1","0","0","0","1","0","1","0","0","1","1","1","1","0","1","0","0","0","0","CONTAM","CONTAM","CONTAM","CONTAM","CONTAM","CONTAM","CONTAM","CONTAM","CONTAM","CONTAM","CONTAM","CONTAM","CONTAM","CONTAM","CONTAM","CONTAM"
"AF132","dim","cold","May_11_2013","Jun_13_2013",0,0,0,0,1,0,1,0,"1","1","0","1","0","1","0","0","1","1","0","0","1","0","0","1","0","2","0","0","0","0","0","0","0","0","0","0","0","0","0","0","0","0","0","0","0","0"
"AF133","bright","cold","May_10_2013","Jun_18_2013",0,0,0,1,1,0,0,1,"1","0","1","1","0","1","0","1","1","0","0","1","0","1","0","1","0","0","0","0","1","0","0","0","0","0","0","1","0","0","0","0","0","0","0","0","0","0"
"AF134","dim","cold","May_11_2013","Jun_14_2013",0,0,0,0,0,1,0,1,"0","1","0","1","0","0","1","0","1","0","0","0","2","0","1","0","1","0","0","0","0","1","0","0","0","0","0","0","0","0","0","0","0","0","0","0","0","0"
"AF136","bright","cold","May_11_2013","Jun_14_2013",0,0,0,0,0,1,0,1,"1","0","1","0","1","0","0","1","1","0","0","1","0","0","0","2","0","0","1","0","0","0","0","1","0","0","0","0","0","0","0","0","0","0","0","0","0","0"
"AF137","dim","cold","May_13_2013","Jun_10_2013",0,0,0,0,0,1,0,1,"0","1","0","1","0","1","0","1","0","1","0","1","0","1","0","1","0","0","0","0","0","0","0","0","0","0","0","0","0","0","0","0","0","0","0","0","0","0"
"AF138","bright","cold","May_11_2013","Jun_10_2013",0,0,0,0,0,0,2,0,"1","0","1","1","0","1","0","1","1","0","0","0","1","0","1","1","0","1","0","0","0","0","0","0","0","0","0","0","0","0","0","0","0","0","0","0","0","0"
"AF140","bright","cold","May_13_2013",NA,0,0,0,0,0,0,1,0,"1","0","1","0","1","0","1","1","0","0","0","1","0","0","CONTAM","CONTAM","CONTAM","CONTAM","CONTAM","CONTAM","CONTAM","CONTAM","CONTAM","CONTAM","CONTAM","CONTAM","CONTAM","CONTAM","CONTAM","CONTAM","CONTAM","CONTAM","CONTAM","CONTAM","CONTAM","CONTAM","CONTAM","CONTAM"
"AF141","bright","cold","May_10_2013","Jun_14_2013",0,0,0,0,0,1,1,1,"0","1","1","0","1","0","0","1","1","0","0","1","1","0","0","2","0","0","0","1","0","1","0","0","0","0","0","0","0","0","0","0","0","0","0","0","0","0"
"AF142","bright","cold","May_10_2013","Jun_13_2013",0,0,0,0,1,0,0,1,"1","1","0","0","0","1","0","1","1","0","1","0","1","0","0","1","1","0","0","0","1","0","0","0","0","0","0","0","0","0","0","0","0","0","0","0","0","0"
"AF143","dim","cold","May_11_2013","Jun_17_2013",0,0,0,0,0,2,0,0,"1","0","1","1","0","1","0","0","1","0","0","1","0","1","0","1","0","0","1","1","0","0","1","0","0","0","0","0","0","0","0","0","0","0","0","0","0","0"
"AF144","dim","cold","May_10_2013","Jun_10_2013",0,0,0,1,0,1,0,1,"1","0","1","0","1","0","0","0","1","0","0","1","2","0","0","0","1","0","0","0","0","0","0","0","0","0","0","0","0","0","0","0","0","0","0","0","0","0"
"AF145","dim","cold","May_10_2013","Jun_19_2013",0,0,0,0,0,0,2,0,"1","1","0","0","1","1","0","0","1","0","0","1","0","1","0","0","1","1","1","0","0","0","0","0","0","0","0","0","0","0","0","0","1","0","0","0","0","0"
"AF146","bright","cold","May_12_2013","Jun_06_2013",0,0,0,0,0,2,0,0,"1","0","0","1","1","0","1","1","0","1","1","0","0","1","0","0","0","0","0","0","0","0","0","0","0","0","0","0","0","0","0","0","0","0","0","0","0","0"
"AF147","dim","cold","May_10_2013","Jun_12_2013",0,0,0,0,1,1,0,0,"1","1","0","1","1","0","0","0","1","0","0","1","0","1","0","0","1","0","1","0","0","0","0","0","0","0","0","0","0","0","0","0","0","0","0","0","0","0"
"AF148","bright","cold","May_11_2013","Jun_07_2013",0,0,0,0,1,1,0,0,"2","0","1","0","1","0","0","0","1","1","1","0","1","0","1","0","0","0","0","0","0","0","0","0","0","0","0","0","0","0","0","0","0","0","0","0","0","0"
"AF149","dim","cold","May_11_2013","Jun_16_2013",0,0,0,0,1,0,1,0,"2","0","1","0","1","0","0","0","1","1","0","0","1","1","0","0","0","0","0","0","1","0","0","1","0","0","0","0","0","0","0","0","0","0","0","0","0","0"
"AF150","bright","cold","May_10_2013","Jun_12_2013",0,0,0,1,1,0,0,1,"1","1","0","0","1","0","1","0","0","1","0","1","0","0","0","2","0","0","0","1","1","0","0","0","0","0","0","0","0","0","0","0","0","0","0","0","0","0"
"AF151","bright","cold","May_11_2013","Jun_12_2013",0,0,0,0,0,0,1,1,"0","1","1","0","0","1","0","0","0","1","0","0","1","1","0","1","0","0","0","0","0","0","0","1","0","1","0","0","0","0","0","0","0","0","0","0","0","0"
"AF153","bright","cold","May_13_2013","Jun_10_2013",0,0,0,0,0,0,1,0,"1","0","1","0","2","0","0","0","0","0","1","1","1","1","0","1","0","0","1","1","0","0","0","0","0","0","0","0","0","0","0","0","0","0","0","0","0","0"
"AF154","dim","cold","May_10_2013","Jun_13_2013",0,0,0,0,0,1,0,1,"1","1","0","0","0","1","1","0","0","0","1","0","1","1","0","0","1","0","1","0","0","0","0","0","0","0","0","0","0","0","0","0","0","0","0","0","0","0"
"AF155","bright","cold","May_10_2013","Jun_15_2013",0,0,0,1,1,0,0,1,"1","0","1","1","0","1","0","1","0","0","1","0","1","0","0","1","1","0","0","0","0","0","0","0","0","0","0","0","1","0","0","0","0","0","0","0","0","0"
"AF156","dim","cold","May_11_2013","Jun_21_2013",0,0,0,0,0,0,1,1,"0","0","1","0","1","1","0","1","0","1","0","0","1","0","0","1","1","0","0","1","0","1","0","0","0","0","0","0","1","0","0","0","0","0","0","0","0","0"
"AF157","dim","cold","May_12_2013","Jun_14_2013",0,0,0,0,0,1,1,0,"0","1","0","0","1","0","1","0","1","1","0","1","1","0","0","0","0","0","1","1","0","1","0","0","0","0","0","0","0","0","0","0","0","0","0","0","0","0"
"AF159","dim","cold","May_11_2013","Jun_17_2013",0,0,0,0,0,1,1,0,"0","2","0","0","1","0","1","0","1","0","1","0","0","1","0","0","1","0","0","0","2","0","0","1","1","0","0","0","0","0","0","0","0","0","0","0","0","0"
"AF160","bright","cold","May_12_2013","Jun_11_2013",0,0,0,0,0,1,1,0,"1","1","0","0","1","1","0","1","0","0","1","0","1","0","1","0","1","1","0","0","0","1","0","0","0","0","0","0","0","0","0","0","0","0","0","0","0","0"
"AF161","bright","cold","May_12_2013",NA,0,0,0,0,0,1,1,0,"1","0","1","0","0","1","0","0","1","0","0","1","1","1","0","0","0","1","1","0","CONTAM","CONTAM","CONTAM","CONTAM","CONTAM","CONTAM","CONTAM","CONTAM","CONTAM","CONTAM","CONTAM","CONTAM","CONTAM","CONTAM","CONTAM","CONTAM","CONTAM","CONTAM"
"AF162","bright","cold","May_10_2013","Jun_12_2013",0,0,0,0,1,1,0,0,"1","1","0","0","1","1","1","0","1","0","0","1","0","1","0","1","0","0","1","1","0","0","0","0","0","0","0","0","0","0","0","0","0","0","0","0","0","0"
"AF163","dim","cold","May_12_2013","Jun_11_2013",0,0,0,0,0,1,1,0,"0","1","1","0","0","1","0","0","0","1","1","0","0","1","1","1","0","0","0","0","0","0","0","0","0","0","0","0","0","0","0","0","0","0","0","0","0","0"
"AF164","dim","cold","May_11_2013","Jun_19_2013",0,0,0,0,0,1,1,0,"0","1","0","1","0","1","0","1","0","1","0","0","1","0","1","0","1","0","0","1","1","0","0","0","1","0","0","0","0","0","0","0","1","0","0","0","0","0"
"AF165","dim","cold","May_12_2013","Jun_10_2013",0,0,0,0,0,1,1,0,"0","1","1","0","0","1","0","0","1","1","0","0","0","2","0","0","1","0","0","0","0","0","0","0","0","0","0","0","0","0","0","0","0","0","0","0","0","0"
"AF166","dim","cold","May_12_2013","Jun_17_2013",0,0,0,0,1,0,1,0,"1","1","0","0","1","0","1","0","1","0","0","0","1","0","1","0","0","1","0","0","0","1","1","0","0","0","0","0","0","0","1","0","0","0","0","0","0","0"
"AF167","bright","cold","May_11_2013","Jun_17_2013",0,0,0,0,1,0,1,0,"1","1","0","1","0","1","0","0","0","0","2","0","0","2","0","0","0","0","0","1","1","0","0","1","1","0","0","0","0","0","0","0","0","0","0","0","0","0"
"AF169","dim","cold","May_12_2013","Jun_10_2013",0,0,0,0,1,0,1,0,"0","1","1","0","0","1","0","0","1","1","0","1","1","0","0","1","0","0","0","0","0","0","0","0","0","0","0","0","0","0","0","0","0","0","0","0","0","0"
"AF171","bright","cold","May_10_2013","Jun_11_2013",0,0,0,1,1,0,1,1,"0","1","1","0","0","0","1","0","1","0","0","0","1","1","1","1","0","0","0","0","0","1","0","0","0","0","0","0","0","0","0","0","0","0","0","0","0","0"
"AF172","dim","cold","May_11_2013","Jun_11_2013",0,0,0,0,1,0,1,0,"1","0","1","1","0","1","0","1","0","0","1","0","0","0","0","1","1","0","0","0","1","0","0","1","0","0","0","0","0","0","0","0","0","0","0","0","0","0"
"AF173","dim","cold","May_10_2013",NA,0,0,0,1,0,1,0,0,"1","1","0","1","0","1","0","1","0","1","0","1","0","0","0","0","2","CONTAM","CONTAM","CONTAM","CONTAM","CONTAM","CONTAM","CONTAM","CONTAM","CONTAM","CONTAM","CONTAM","CONTAM","CONTAM","CONTAM","CONTAM","CONTAM","CONTAM","CONTAM","CONTAM","CONTAM","CONTAM"
"AF174","dim","cold","May_11_2013",NA,0,0,0,0,0,1,0,1,"0","1","0","1","0","1","0","1","0","0","1","1","0","0","1","0","0","1","0","0","0","2","0","0","0","0","0","1","1","CONTAM","CONTAM","CONTAM","CONTAM","CONTAM","CONTAM","CONTAM","CONTAM","CONTAM"
"AF175","bright","cold","May_12_2013","Jun_18_2013",0,0,0,0,2,0,0,1,"1","0","1","0","0","1","0","1","0","0","1","1","0","0","1","0","1","0","1","0","0","0","0","0","0","1","0","0","0","0","0","0","0","0","0","0","0","0"
"AF176","bright","cold","May_10_2013",NA,0,0,0,0,1,1,0,1,"0","1","CONTAM","CONTAM","CONTAM","CONTAM","CONTAM","CONTAM","CONTAM","CONTAM","CONTAM","CONTAM","CONTAM","CONTAM","CONTAM","CONTAM","CONTAM","CONTAM","CONTAM","CONTAM","CONTAM","CONTAM","CONTAM","CONTAM","CONTAM","CONTAM","CONTAM","CONTAM","CONTAM","CONTAM","CONTAM","CONTAM","CONTAM","CONTAM","CONTAM","CONTAM","CONTAM","CONTAM"
"AF177","dim","cold","May_10_2013","Jun_10_2013",0,0,0,0,1,0,1,0,"1","0","1","0","0","1","1","0","0","0","1","0","1","0","2","0","1","0","0","0","0","0","0","0","0","0","0","0","0","0","0","0","0","0","0","0","0","0"
"AF179","bright","cold","May_11_2013","Jun_12_2013",0,0,0,1,0,1,0,0,"1","0","2","0","1","0","1","0","1","0","1","0","1","0","2","0","0","0","1","0","1","0","0","0","0","1","0","0","0","0","0","0","0","0","0","0","0","0"
"AF180","dim","cold","May_10_2013",NA,0,0,0,1,0,1,1,0,"CONTAM","CONTAM","CONTAM","CONTAM","CONTAM","CONTAM","CONTAM","CONTAM","CONTAM","CONTAM","CONTAM","CONTAM","CONTAM","CONTAM","CONTAM","CONTAM","CONTAM","CONTAM","CONTAM","CONTAM","CONTAM","CONTAM","CONTAM","CONTAM","CONTAM","CONTAM","CONTAM","CONTAM","CONTAM","CONTAM","CONTAM","CONTAM","CONTAM","CONTAM","CONTAM","CONTAM","CONTAM","CONTAM"
"AF181","dim","cold","May_12_2013","Jun_10_2013",0,0,0,0,0,1,1,0,"0","0","2","0","0","0","1","0","0","1","0","1","0","2","0","1","0","0","0","0","0","0","0","0","0","0","0","0","0","0","0","0","0","0","0","0","0","0"
"AF182","dim","cold","May_11_2013","Jun_07_2013",0,0,0,2,0,1,0,0,"1","0","1","0","0","1","0","1","0","0","1","1","0","1","0","0","0","0","0","0","0","0","0","0","0","0","0","0","0","0","0","0","0","0","0","0","0","0"
"AF184","bright","cold","May_11_2013","Jun_11_2013",0,0,0,1,0,1,0,0,"1","1","0","1","1","0","0","1","0","1","0","0","1","1","1","0","1","0","0","1","0","0","0","0","0","0","0","0","0","0","0","0","0","0","0","0","0","0"
"AF185","bright","cold","May_10_2013","Jun_10_2013",0,0,0,0,1,1,0,0,"1","1","1","0","0","1","0","1","0","1","0","0","1","1","0","1","1","0","0","0","0","0","0","0","0","0","0","0","0","0","0","0","0","0","0","0","0","0"
"AF186","dim","cold","May_12_2013","Jun_14_2013",0,0,0,1,1,0,0,0,"1","0","1","1","0","0","1","0","0","1","0","0","1","0","1","0","1","0","1","0","0","1","0","1","0","0","0","0","0","0","0","0","0","0","0","0","0","0"
"AF187","bright","cold","May_11_2013",NA,0,0,1,1,0,0,1,0,"1","1","0","0","1","0","1","0","1","1","0","0","0","2","0","1","0","0","0","0","1","CONTAM","CONTAM","CONTAM","CONTAM","CONTAM","CONTAM","CONTAM","CONTAM","CONTAM","CONTAM","CONTAM","CONTAM","CONTAM","CONTAM","CONTAM","CONTAM","CONTAM"
"AF188","dim","cold","May_11_2013","Jun_18_2013",0,0,0,1,0,0,0,1,"0","2","0","0","1","0","1","0","0","1","0","1","0","0","2","0","0","0","0","1","0","0","1","0","0","0","0","0","0","0","0","0","0","0","0","0","0","0"
"AF189","dim","cold","May_12_2013",NA,0,0,0,0,1,0,0,1,"0","1","1","0","0","0","1","1","0","0","1","0","0","1","0","1","0","2","0","0","CONTAM","CONTAM","CONTAM","CONTAM","CONTAM","CONTAM","CONTAM","CONTAM","CONTAM","CONTAM","CONTAM","CONTAM","CONTAM","CONTAM","CONTAM","CONTAM","CONTAM","CONTAM"
"AF190","bright","cold","May_12_2013","Jun_14_2013",0,0,0,0,0,1,1,0,"1","0","1","0","1","1","0","0","1","1","0","0","0","1","1","0","0","0","1","0","1","0","1","1","0","0","0","0","0","0","0","0","0","0","0","0","0","0"
"AF192","dim","cold","May_10_2013","Jun_17_2013",0,0,0,0,1,1,0,0,"1","1","0","1","0","1","0","0","0","1","1","0","0","1","1","0","0","0","1","0","0","0","0","1","0","0","0","0","0","0","0","0","0","0","0","0","0","0"
"AF193","dim","hot","May_11_2013","Jun_06_2013",0,0,0,0,1,2,0,0,"1","1","1","0","0","1","1","0","1","0","1","0","1","1","0","0","0","0","0","0","0","0","0","0","0","0","0","0","0","0","0","0","0","0","0","0","0","0"
"AF194","bright","hot","May_11_2013","Jun_10_2013",0,0,0,0,1,2,1,1,"0","1","0","1","0","1","1","0","1","1","0","0","0","0","1","1","0","0","0","0","0","0","0","0","0","0","0","0","0","0","0","0","0","0","0","0","0","0"
"AF195","dim","hot","May_10_2013","Jun_07_2013",0,0,1,1,1,1,0,1,"0","1","1","0","0","1","1","0","1","1","0","0","0","0","1","0","0","0","0","0","0","0","0","0","0","0","0","0","0","0","0","0","0","0","0","0","0","0"
"AF196","bright","hot","May_11_2013",NA,0,0,0,0,0,2,1,0,"1","0","1","0","1","1","0","1","0","0","1","1","1","CONTAM","CONTAM","CONTAM","CONTAM","CONTAM","CONTAM","CONTAM","CONTAM","CONTAM","CONTAM","CONTAM","CONTAM","CONTAM","CONTAM","CONTAM","CONTAM","CONTAM","CONTAM","CONTAM","CONTAM","CONTAM","CONTAM","CONTAM","CONTAM","CONTAM"
"AF198","dim","hot","May_11_2013","Jun_06_2013",0,0,0,0,1,1,0,0,"1","0","1","0","1","1","0","1","0","1","1","0","1","0","0","0","0","0","0","0","0","0","0","0","0","0","0","0","0","0","0","0","0","0","0","0","0","0"
"AF199","dim","hot","May_11_2013","Jun_12_2013",0,0,0,0,0,2,1,0,"0","1","1","0","1","0","1","1","0","0","2","0","0","0","1","0","0","0","0","1","0","0","0","0","0","0","0","0","0","0","0","0","0","0","0","0","0","0"
"AF202","dim","hot","May_11_2013","Jun_07_2013",0,0,0,0,1,2,0,0,"1","1","0","1","0","1","1","0","0","2","0","0","0","1","1","0","0","0","0","0","0","0","0","0","0","0","0","0","0","0","0","0","0","0","0","0","0","0"
"AF203","dim","hot","May_11_2013","Jun_05_2013",0,0,0,1,1,1,1,0,"1","1","0","0","1","1","0","1","1","0","0","0","1","0","0","0","0","0","0","0","0","0","0","0","0","0","0","0","0","0","0","0","0","0","0","0","0","0"
"AF204","bright","hot","May_10_2013","Jun_07_2013",0,0,0,1,1,1,1,0,"1","0","0","0","2","1","0","1","1","0","1","0","0","0","1","0","0","0","0","0","0","0","0","0","0","0","0","0","0","0","0","0","0","0","0","0","0","0"
"AF206","bright","hot","May_10_2013","Jun_03_2013",0,0,0,2,2,0,1,0,"1","0","1","0","1","0","1","1","0","0","0","0","0","0","0","0","0","0","0","0","0","0","0","0","0","0","0","0","0","0","0","0","0","0","0","0","0","0"
"AF207","bright","hot","May_10_2013","Jun_10_2013",0,0,0,1,2,0,1,0,"1","0","1","1","0","1","1","0","1","0","0","0","1","0","0","0","1","0","0","0","0","0","0","0","0","0","0","0","0","0","0","0","0","0","0","0","0","0"
"AF208","bright","hot","May_13_2013","Jun_10_2013",0,0,0,0,0,0,2,0,"2","0","1","0","1","0","1","0","1","1","0","1","0","0","1","0","1","0","0","0","0","0","0","0","0","0","0","0","0","0","0","0","0","0","0","0","0","0"
"AF209","dim","hot","May_11_2013","Jun_12_2013",0,0,0,0,1,2,0,0,"1","1","1","0","0","1","1","0","1","0","0","0","1","0","2","0","0","0","0","1","0","0","0","0","0","0","0","0","0","0","0","0","0","0","0","0","0","0"
"AF210","dim","hot","May_10_2013","Jun_11_2013",0,0,0,1,1,1,1,0,"1","0","1","1","0","0","1","0","2","0","0","1","0","0","0","1","0","0","1","0","0","0","0","0","0","0","0","0","0","0","0","0","0","0","0","0","0","0"
"AF211","dim","hot","May_11_2013","Jun_07_2013",0,0,0,0,1,2,0,1,"0","1","0","1","0","1","0","0","2","1","0","0","0","0","1","0","0","0","0","0","0","0","0","0","0","0","0","0","0","0","0","0","0","0","0","0","0","0"
"AF212","dim","hot","May_11_2013","Jun_11_2013",0,0,0,0,1,1,1,1,"0","0","1","1","0","1","1","0","1","0","1","0","0","0","1","0","0","0","1","0","0","0","0","0","0","0","0","0","0","0","0","0","0","0","0","0","0","0"
"AF213","bright","hot","May_12_2013","Jun_06_2013",0,0,0,0,0,3,0,0,"1","1","0","1","0","1","1","0","1","0","1","0","0","1","0","0","0","0","0","0","0","0","0","0","0","0","0","0","0","0","0","0","0","0","0","0","0","0"
"AF214","dim","hot","May_10_2013","Jun_04_2013",0,0,0,1,1,1,1,0,"0","1","0","0","1","1","1","0","1","1","0","0","0","0","0","0","0","0","0","0","0","0","0","0","0","0","0","0","0","0","0","0","0","0","0","0","0","0"
"AF215","dim","hot","May_11_2013","Jun_11_2013",0,0,0,0,1,1,0,1,"0","0","2","0","0","1","1","0","0","1","1","0","0","1","0","1","1","0","0","0","0","0","0","0","0","0","0","0","0","0","0","0","0","0","0","0","0","0"
"AF216","bright","hot","May_10_2013","Jun_05_2013",0,0,0,0,2,1,1,0,"1","0","1","0","1","1","0","0","2","0","0","0","1","0","0","0","0","0","0","0","0","0","0","0","0","0","0","0","0","0","0","0","0","0","0","0","0","0"
"AF217","dim","hot","May_12_2013","Jun_10_2013",0,0,0,1,0,1,0,1,"1","0","1","0","1","1","0","1","1","0","0","0","0","1","0","1","0","0","0","0","0","0","0","0","0","0","0","0","0","0","0","0","0","0","0","0","0","0"
"AF218","bright","hot","May_11_2013","Jun_07_2013",0,0,0,0,1,1,1,1,"0","1","0","0","1","1","0","1","2","0","0","0","0","0","1","0","0","0","0","0","0","0","0","0","0","0","0","0","0","0","0","0","0","0","0","0","0","0"
"AF219","dim","hot","May_12_2013","Jun_05_2013",0,0,0,0,1,0,1,1,"1","0","1","0","1","0","0","1","1","0","1","1","0","0","0","0","0","0","0","0","0","0","0","0","0","0","0","0","0","0","0","0","0","0","0","0","0","0"
"AF220","dim","hot","May_12_2013","Jun_05_2013",0,0,0,0,1,1,0,1,"1","0","1","0","1","0","1","0","1","0","1","1","0","0","0","0","0","0","0","0","0","0","0","0","0","0","0","0","0","0","0","0","0","0","0","0","0","0"
"AF221","bright","hot","May_11_2013","Jun_13_2013",0,0,0,0,0,1,0,2,"0","2","0","0","0","2","0","0","2","0","0","1","0","1","0","1","0","0","0","0","1","0","0","0","0","0","0","0","0","0","0","0","0","0","0","0","0","0"
"AF222","bright","hot","May_11_2013","Jun_06_2013",0,0,0,0,1,2,0,1,"1","0","0","1","1","1","0","1","1","0","0","0","1","1","0","0","0","0","0","0","0","0","0","0","0","0","0","0","0","0","0","0","0","0","0","0","0","0"
"AF224","dim","hot","May_11_2013","Jun_06_2013",0,0,0,0,1,2,0,0,"1","1","0","1","0","1","1","0","1","1","0","0","0","1","0","0","0","0","0","0","0","0","0","0","0","0","0","0","0","0","0","0","0","0","0","0","0","0"
"AF226","bright","hot","May_10_2013","Jun_10_2013",0,0,0,1,2,1,0,0,"1","0","1","1","1","0","1","0","1","0","0","1","0","1","0","0","0","1","0","0","0","0","0","0","0","0","0","0","0","0","0","0","0","0","0","0","0","0"
"AF227","bright","hot","May_10_2013","Jun_05_2013",0,0,0,1,1,1,0,1,"1","1","0","0","1","1","0","1","1","0","0","0","2","0","0","0","0","0","0","0","0","0","0","0","0","0","0","0","0","0","0","0","0","0","0","0","0","0"
"AF228","bright","hot","May_10_2013",NA,0,0,0,1,1,0,1,1,"1","0","0","1","CONTAM","CONTAM","CONTAM","CONTAM","CONTAM","CONTAM","CONTAM","CONTAM","CONTAM","CONTAM","CONTAM","CONTAM","CONTAM","CONTAM","CONTAM","CONTAM","CONTAM","CONTAM","CONTAM","CONTAM","CONTAM","CONTAM","CONTAM","CONTAM","CONTAM","CONTAM","CONTAM","CONTAM","CONTAM","CONTAM","CONTAM","CONTAM","CONTAM","CONTAM"
"AF229","dim","hot","May_10_2013","Jun_07_2013",0,0,0,1,1,1,0,1,"0","1","1","0","0","1","0","2","1","0","0","0","1","0","1","0","0","0","0","0","0","0","0","0","0","0","0","0","0","0","0","0","0","0","0","0","0","0"
"AF231","bright","hot","May_11_2013","Jun_11_2013",0,0,0,0,1,2,0,1,"1","0","0","1","1","1","0","1","1","0","0","1","0","1","0","0","0","0","0","0","0","1","0","0","0","0","0","0","0","0","0","0","0","0","0","0","0","0"
"AF233","bright","hot","May_12_2013","Jun_14_2013",0,0,0,0,1,1,1,1,"0","1","0","1","0","1","1","0","1","0","1","0","0","1","1","0","0","0","0","0","0","0","0","0","0","0","0","0","0","0","0","0","0","0","0","0","0","0"
"AF234","bright","hot","May_12_2013","Jun_06_2013",0,0,0,0,0,1,1,0,"1","1","0","0","1","1","0","1","1","0","0","1","1","1","0","0","0","0","0","0","0","0","0","0","0","0","0","0","0","0","0","0","0","0","0","0","0","0"
"AF235","dim","hot","May_11_2013","Jun_03_2013",0,0,0,0,1,1,0,1,"0","2","0","1","1","0","1","0","0","1","0","0","0","0","0","0","0","0","0","0","0","0","0","0","0","0","0","0","0","0","0","0","0","0","0","0","0","0"
"AF236","dim","hot","May_10_2013","Jun_11_2013",0,0,0,1,1,1,0,1,"1","0","1","0","1","0","1","0","2","0","0","0","2","0","0","0","1","0","0","1","0","0","0","0","0","0","0","0","0","0","0","0","0","0","0","0","0","0"
"AF237","dim","hot","May_11_2013","Jun_10_2013",0,0,0,0,1,2,0,0,"1","1","0","0","0","1","1","1","0","1","1","0","0","0","1","0","0","1","0","0","0","0","0","0","0","0","0","0","0","0","0","0","0","0","0","0","0","0"
"AF238","dim","hot","May_11_2013","Jun_11_2013",0,0,0,0,1,1,1,0,"1","0","1","1","1","0","0","1","0","0","2","0","0","0","0","0","0","0","1","0","0","0","0","0","0","0","0","0","0","0","0","0","0","0","0","0","0","0"
"AF239","bright","hot","May_10_2013","Jun_05_2013",0,0,0,1,1,1,0,0,"2","0","1","0","1","0","1","1","0","1","0","1","0","0","0","0","0","0","0","0","0","0","0","0","0","0","0","0","0","0","0","0","0","0","0","0","0","0"
"AF240","bright","hot","May_11_2013","Jun_06_2013",0,0,0,0,1,2,0,1,"1","0","1","0","1","1","0","1","1","0","0","0","1","1","0","0","0","0","0","0","0","0","0","0","0","0","0","0","0","0","0","0","0","0","0","0","0","0"
